Part Number,Supplier Name,Quantity Available
10-0557,Airstal Sp. z o.o,98
10-1226,Airstal Sp. z o.o,152
10-1622,Airstal Sp. z o.o,3
10-0181U,Airstal Sp. z o.o,1
10-0367U,Airstal Sp. z o.o,1
10-0655,Airstal Sp. z o.o,43
10-0858,Airstal Sp. z o.o,2
10-1004,Airstal Sp. z o.o,36
10-1054,Airstal Sp. z o.o,1
10-1082,Airstal Sp. z o.o,150
10-1082U,Airstal Sp. z o.o,1
10-1241U,Airstal Sp. z o.o,1
10-1266,Airstal Sp. z o.o,2
10-1501,Airstal Sp. z o.o,1
10-1550,Airstal Sp. z o.o,2
10-1665,Airstal Sp. z o.o,4
10-1673,Airstal Sp. z o.o,1
10-1708,Airstal Sp. z o.o,19
10-1758,Airstal Sp. z o.o,1
10-1771,Airstal Sp. z o.o,49
10-1808,Airstal Sp. z o.o,45
10-1826,Airstal Sp. z o.o,1
10-2103,Airstal Sp. z o.o,87
10-2486,Airstal Sp. z o.o,1
10-2777U,Airstal Sp. z o.o,2
10-3156,Airstal Sp. z o.o,1
10-3278,Airstal Sp. z o.o,3
10-3742,Airstal Sp. z o.o,51
10-0005,Airstal Sp. z o.o,2
10-0010,Airstal Sp. z o.o,2
10-0045,Airstal Sp. z o.o,2
10-0047,Airstal Sp. z o.o,2
10-0060,Airstal Sp. z o.o,1
10-0075U,Airstal Sp. z o.o,2
10-0076,Airstal Sp. z o.o,61
10-0087,Airstal Sp. z o.o,8
10-0108,Airstal Sp. z o.o,7
10-0126,Airstal Sp. z o.o,1
10-0148,Airstal Sp. z o.o,2
10-0172,Airstal Sp. z o.o,1
10-0177,Airstal Sp. z o.o,12
10-0188,Airstal Sp. z o.o,16
10-0224,Airstal Sp. z o.o,4
10-0228,Airstal Sp. z o.o,1
10-0247,Airstal Sp. z o.o,7
10-0273,Airstal Sp. z o.o,1
10-0277U,Airstal Sp. z o.o,1
10-0288U,Airstal Sp. z o.o,1
10-0292U,Airstal Sp. z o.o,2
10-0298,Airstal Sp. z o.o,1
10-0312,Airstal Sp. z o.o,2
10-0357,Airstal Sp. z o.o,1
10-0358,Airstal Sp. z o.o,1
10-0367,Airstal Sp. z o.o,4
10-0393,Airstal Sp. z o.o,3
10-0406,Airstal Sp. z o.o,1
10-0475,Airstal Sp. z o.o,1
10-0479,Airstal Sp. z o.o,2
10-0487,Airstal Sp. z o.o,1
10-0561,Airstal Sp. z o.o,1
10-0598,Airstal Sp. z o.o,4
10-0672,Airstal Sp. z o.o,1
10-0679,Airstal Sp. z o.o,1
10-0853,Airstal Sp. z o.o,1
10-0886,Airstal Sp. z o.o,1
10-0891,Airstal Sp. z o.o,59
10-0988,Airstal Sp. z o.o,2
10-1009,Airstal Sp. z o.o,1
10-1023,Airstal Sp. z o.o,13
10-1063,Airstal Sp. z o.o,2
10-1129U,Airstal Sp. z o.o,1
10-1159,Airstal Sp. z o.o,13
10-1178,Airstal Sp. z o.o,1
10-1248,Airstal Sp. z o.o,1
10-1361,Airstal Sp. z o.o,3
10-1416,Airstal Sp. z o.o,1
10-1505,Airstal Sp. z o.o,1
10-1643,Airstal Sp. z o.o,1
10-2025,Airstal Sp. z o.o,1
10-2180,Airstal Sp. z o.o,3
10-2272U,Airstal Sp. z o.o,18
10-2447U,Airstal Sp. z o.o,1
10-2607X,Airstal Sp. z o.o,1
10-2795,Airstal Sp. z o.o,1
10-3125,Airstal Sp. z o.o,1
10-3128,Airstal Sp. z o.o,21
10-3128U,Airstal Sp. z o.o,1
10-3210,Airstal Sp. z o.o,1
10-3214,Airstal Sp. z o.o,1
10-3216,Airstal Sp. z o.o,1
10-1639,Airstal Sp. z o.o,1
10-0784,Airstal Sp. z o.o,1
10-1953,Airstal Sp. z o.o,38
10-0088,Airstal Sp. z o.o,15
10-0831,Airstal Sp. z o.o,1
10-1971,Airstal Sp. z o.o,1
10-0144,Airstal Sp. z o.o,2
10-0163,Airstal Sp. z o.o,13
10-1113,Airstal Sp. z o.o,1
10-1013,Airstal Sp. z o.o,1
10-2327,Airstal Sp. z o.o,2
10-0881,Airstal Sp. z o.o,5
10-3258,Airstal Sp. z o.o,5
10-0069,Airstal Sp. z o.o,2
10-0821,Airstal Sp. z o.o,22
10-3486,Airstal Sp. z o.o,1
10-3914,Airstal Sp. z o.o,67
10-0050U,Airstal Sp. z o.o,1
10-4573,Airstal Sp. z o.o,99
10-1500,Airstal Sp. z o.o,1
10-3029,Airstal Sp. z o.o,1
10-3836,Airstal Sp. z o.o,1
10-1754,Airstal Sp. z o.o,2
10-1024,Airstal Sp. z o.o,35
10-0034,Airstal Sp. z o.o,42
10-1493,Airstal Sp. z o.o,37
10-1256,Airstal Sp. z o.o,59
10-1222,Airstal Sp. z o.o,4
10-0225,Airstal Sp. z o.o,34
10-0898,Airstal Sp. z o.o,36
10-0624,Airstal Sp. z o.o,74
10-2251,Airstal Sp. z o.o,9
10-1814,Airstal Sp. z o.o,12
10-0158,Airstal Sp. z o.o,4
10-1504,Airstal Sp. z o.o,6
10-0118,Airstal Sp. z o.o,7
10-1996,Airstal Sp. z o.o,2
10-0803,Airstal Sp. z o.o,3
10-0804,Airstal Sp. z o.o,10
10-1843,Airstal Sp. z o.o,1
10-0256,Airstal Sp. z o.o,4
10-0008,Airstal Sp. z o.o,15
10-2101,Airstal Sp. z o.o,3
10-0026,Airstal Sp. z o.o,2
10-0119,Airstal Sp. z o.o,6
10-2074,Airstal Sp. z o.o,31
10-1111,Airstal Sp. z o.o,38
10-1264,Airstal Sp. z o.o,1
10-0222U,Airstal Sp. z o.o,5
10-0850,Airstal Sp. z o.o,20
10-4421,Airstal Sp. z o.o,11
10-4648,Airstal Sp. z o.o,8
10-5514,Airstal Sp. z o.o,17
10-4435,Airstal Sp. z o.o,6
10-5715,Airstal Sp. z o.o,7
10-4675,Airstal Sp. z o.o,3
10-5651,Airstal Sp. z o.o,10
10-4496,Airstal Sp. z o.o,4
10-4501,Airstal Sp. z o.o,2
10-1385,Airstal Sp. z o.o,4
10-0486U,Airstal Sp. z o.o,1
10-4412,Airstal Sp. z o.o,11
10-3749,Airstal Sp. z o.o,5
10-2934,Airstal Sp. z o.o,1
10-1798,Airstal Sp. z o.o,16
10-2145,Airstal Sp. z o.o,2
10-4114,Airstal Sp. z o.o,2
10-1559,Airstal Sp. z o.o,2
10-1096,Airstal Sp. z o.o,2
10-2183,Airstal Sp. z o.o,3
10-1773,Airstal Sp. z o.o,2
10-1036,Airstal Sp. z o.o,18
10-5730,Airstal Sp. z o.o,5
10-6014,Airstal Sp. z o.o,4
10-0145,Airstal Sp. z o.o,24
10-6159,Airstal Sp. z o.o,5
10-4715,Airstal Sp. z o.o,3
10-0998,Airstal Sp. z o.o,23
10-6027,Airstal Sp. z o.o,1
10-6042,Airstal Sp. z o.o,1
10-5663,Airstal Sp. z o.o,2
10-0673,Airstal Sp. z o.o,28
10-0011,Airstal Sp. z o.o,19
10-2483U,Airstal Sp. z o.o,1
10-0156,Airstal Sp. z o.o,20
10-0969,Airstal Sp. z o.o,10
10-0908,Airstal Sp. z o.o,12
10-1580,Airstal Sp. z o.o,2
10-0639U,Airstal Sp. z o.o,2
10-0574U,Airstal Sp. z o.o,1
10-0240,Airstal Sp. z o.o,1
10-1738,Airstal Sp. z o.o,1
10-1623,Airstal Sp. z o.o,2
10-0572,Airstal Sp. z o.o,24
10-0219,Airstal Sp. z o.o,105
10-0032,Airstal Sp. z o.o,11
10-0836,Airstal Sp. z o.o,119
10-3776,Airstal Sp. z o.o,29
10-3751,Airstal Sp. z o.o,2
10-0404,Airstal Sp. z o.o,107
10-3772,Airstal Sp. z o.o,2
10-0596,Airstal Sp. z o.o,3
10-1088U,Airstal Sp. z o.o,1
10-1183,Airstal Sp. z o.o,10
10-0527,Airstal Sp. z o.o,2
10-3145,Airstal Sp. z o.o,2
10-6155,Airstal Sp. z o.o,1
10-1425,Airstal Sp. z o.o,2
10-3159,Airstal Sp. z o.o,19
10-1017,Airstal Sp. z o.o,11
10-3139,Airstal Sp. z o.o,1
10-0972,Airstal Sp. z o.o,57
10-0869,Airstal Sp. z o.o,3
10-0042,Airstal Sp. z o.o,1
10-3824,Airstal Sp. z o.o,1
10-4422,Airstal Sp. z o.o,6
10-0100,Airstal Sp. z o.o,14
10-3273,Airstal Sp. z o.o,3
10-0754,Airstal Sp. z o.o,3
10-1950U,Airstal Sp. z o.o,1
10-1202,Airstal Sp. z o.o,21
10-2642,Airstal Sp. z o.o,3
10-0723,Airstal Sp. z o.o,1
10-3314,Airstal Sp. z o.o,28
10-0614,Airstal Sp. z o.o,34
10-2110,Airstal Sp. z o.o,1
10-3771,Airstal Sp. z o.o,1
10-4153,Airstal Sp. z o.o,2
10-4678,Airstal Sp. z o.o,2
10-4676,Airstal Sp. z o.o,1
10-4555,Airstal Sp. z o.o,1
10-0544U,Airstal Sp. z o.o,1
10-0387U,Airstal Sp. z o.o,1
10-0145U,Airstal Sp. z o.o,7
10-1692,Airstal Sp. z o.o,10
10-0688,Airstal Sp. z o.o,3
10-0856U,Airstal Sp. z o.o,8
10-0404U,Airstal Sp. z o.o,32
10-0365U,Airstal Sp. z o.o,16
10-0411,Airstal Sp. z o.o,2
10-0201,Airstal Sp. z o.o,5
10-0701,Airstal Sp. z o.o,2
10-0361,Airstal Sp. z o.o,1
10-0113,Airstal Sp. z o.o,32
10-0962,Airstal Sp. z o.o,39
10-2240,Airstal Sp. z o.o,15
10-0141,Airstal Sp. z o.o,13
10-0889,Airstal Sp. z o.o,3
10-0709,Airstal Sp. z o.o,46
10-1840,Airstal Sp. z o.o,55
10-0970,Airstal Sp. z o.o,67
10-1235,Airstal Sp. z o.o,1
10-0124,Airstal Sp. z o.o,78
10-0075,Airstal Sp. z o.o,3
10-1252,Airstal Sp. z o.o,12
10-4174,Airstal Sp. z o.o,9
10-0137,Airstal Sp. z o.o,1
10-2243,Airstal Sp. z o.o,3
10-0966,Airstal Sp. z o.o,18
10-6024,Airstal Sp. z o.o,1
10-0496,Airstal Sp. z o.o,2
10-1464,Airstal Sp. z o.o,1
10-4447,Airstal Sp. z o.o,4
10-0885,Airstal Sp. z o.o,12
10-1515,Airstal Sp. z o.o,1
10-1671,Airstal Sp. z o.o,75
10-1413,Airstal Sp. z o.o,9
10-1018,Airstal Sp. z o.o,10
10-1189,Airstal Sp. z o.o,1
10-3127,Airstal Sp. z o.o,3
10-1875,Airstal Sp. z o.o,6
10-2621,Airstal Sp. z o.o,1
10-0497,Airstal Sp. z o.o,10
10-1483,Airstal Sp. z o.o,6
10-1399,Airstal Sp. z o.o,33
10-1828,Airstal Sp. z o.o,15
10-0780,Airstal Sp. z o.o,2
10-0554,Airstal Sp. z o.o,1
10-0841,Airstal Sp. z o.o,9
10-0800,Airstal Sp. z o.o,2
10-0162,Airstal Sp. z o.o,1
10-2095,Airstal Sp. z o.o,24
10-3955,Airstal Sp. z o.o,1
10-0637,Airstal Sp. z o.o,3
10-1188,Airstal Sp. z o.o,14
10-1414,Airstal Sp. z o.o,4
10-2717,Airstal Sp. z o.o,4
10-0612,Airstal Sp. z o.o,2
10-1097,Airstal Sp. z o.o,14
10-0117,Airstal Sp. z o.o,5
10-2059,Airstal Sp. z o.o,1
10-1343,Airstal Sp. z o.o,1
10-0879,Airstal Sp. z o.o,1
10-1368,Airstal Sp. z o.o,1
10-1725U,Airstal Sp. z o.o,1
10-4265U,Airstal Sp. z o.o,1
10-0117U,Airstal Sp. z o.o,1
10-1956,Airstal Sp. z o.o,1
10-0706,Airstal Sp. z o.o,3
10-0953,Airstal Sp. z o.o,3
10-1250,Airstal Sp. z o.o,7
10-4582,Airstal Sp. z o.o,1
10-1032,Airstal Sp. z o.o,3
10-0383,Airstal Sp. z o.o,2
10-4133,Airstal Sp. z o.o,2
10-3379,Airstal Sp. z o.o,1
10-0509,Airstal Sp. z o.o,1
10-2142,Airstal Sp. z o.o,1
10-4168,Airstal Sp. z o.o,1
10-6025,Airstal Sp. z o.o,1
10-3949,Airstal Sp. z o.o,2
10-6015U,Airstal Sp. z o.o,1
10-3483,Airstal Sp. z o.o,2
10-3039,Airstal Sp. z o.o,1
10-0380U,Airstal Sp. z o.o,2
10-3456,Airstal Sp. z o.o,1
10-5823,Airstal Sp. z o.o,2
10-3288,Airstal Sp. z o.o,1
10-1243,Airstal Sp. z o.o,1
10-5679,Airstal Sp. z o.o,4
10-4147,Airstal Sp. z o.o,1
10-5570,Airstal Sp. z o.o,1
10-4702,Airstal Sp. z o.o,1
10-5749,Airstal Sp. z o.o,1
10-2479,Airstal Sp. z o.o,2
10-5708,Airstal Sp. z o.o,1
10-6164,Airstal Sp. z o.o,1
10-3133,Airstal Sp. z o.o,1
10-5721,Airstal Sp. z o.o,1
10-6013,Airstal Sp. z o.o,2
10-5738,Airstal Sp. z o.o,1
10-2154,Airstal Sp. z o.o,1
10-5612,Airstal Sp. z o.o,40
10-2588,Airstal Sp. z o.o,1
10-3667,Airstal Sp. z o.o,2
10-2158,Airstal Sp. z o.o,1
10-4387,Airstal Sp. z o.o,2
10-5875,Airstal Sp. z o.o,2
10-3988,Airstal Sp. z o.o,1
10-2788,Airstal Sp. z o.o,3
10-2113,Airstal Sp. z o.o,1
10-5632,Airstal Sp. z o.o,1
10-2556,Airstal Sp. z o.o,11
10-3489,Airstal Sp. z o.o,1
10-3944,Airstal Sp. z o.o,1
10-4113,Airstal Sp. z o.o,7
10-3993,Airstal Sp. z o.o,9
10-4072,Airstal Sp. z o.o,2
10-4128,Airstal Sp. z o.o,2
10-3999,Airstal Sp. z o.o,2
10-5650,Airstal Sp. z o.o,1
10-3141,Airstal Sp. z o.o,2
10-4701,Airstal Sp. z o.o,2
10-4630,Airstal Sp. z o.o,2
10-0914,Airstal Sp. z o.o,7
10-2196,Airstal Sp. z o.o,1
10-3913,Airstal Sp. z o.o,11
10-2275,Airstal Sp. z o.o,1
10-1682,Airstal Sp. z o.o,1
10-2120,Airstal Sp. z o.o,1
10-2122,Airstal Sp. z o.o,2
10-2461,Airstal Sp. z o.o,2
10-2065,Airstal Sp. z o.o,3
10-0280,Airstal Sp. z o.o,1
10-1050,Airstal Sp. z o.o,12
10-4125,Airstal Sp. z o.o,2
10-4511,Airstal Sp. z o.o,2
10-4368,Airstal Sp. z o.o,4
10-5817,Airstal Sp. z o.o,1
10-3123,Airstal Sp. z o.o,5
10-4596,Airstal Sp. z o.o,1
10-3254,Airstal Sp. z o.o,10
10-4617,Airstal Sp. z o.o,2
10-5636U,Airstal Sp. z o.o,2
10-0629U,Airstal Sp. z o.o,1
10-5591U,Airstal Sp. z o.o,1
10-4206U,Airstal Sp. z o.o,1
10-5646U,Airstal Sp. z o.o,2
10-5641U,Airstal Sp. z o.o,1
10-4382,Airstal Sp. z o.o,2
10-3987,Airstal Sp. z o.o,1
10-5964U,Airstal Sp. z o.o,1
10-4618,Airstal Sp. z o.o,2
10-4297,Airstal Sp. z o.o,1
10-0697,Airstal Sp. z o.o,2
10-2184,Airstal Sp. z o.o,5
10-4620,Airstal Sp. z o.o,3
10-3996,Airstal Sp. z o.o,27
10-3991,Airstal Sp. z o.o,1
10-3305,Airstal Sp. z o.o,1
10-3941,Airstal Sp. z o.o,2
10-3116,Airstal Sp. z o.o,1
10-3733,Airstal Sp. z o.o,2
10-1763,Airstal Sp. z o.o,9
10-3972,Airstal Sp. z o.o,2
10-4158,Airstal Sp. z o.o,2
10-0081,Airstal Sp. z o.o,106
10-3520,Airstal Sp. z o.o,1
10-0166,Airstal Sp. z o.o,2
10-1052,Airstal Sp. z o.o,1
10-3956,Airstal Sp. z o.o,1
10-1216,Airstal Sp. z o.o,50
10-1606,Airstal Sp. z o.o,4
10-0742,Airstal Sp. z o.o,1
10-3399,Airstal Sp. z o.o,1
10-1450,Airstal Sp. z o.o,1
10-0816,Airstal Sp. z o.o,2
10-1324,Airstal Sp. z o.o,1
10-1861,Airstal Sp. z o.o,2
10-3580,Airstal Sp. z o.o,2
10-0566,Airstal Sp. z o.o,5
10-1687,Airstal Sp. z o.o,2
10-1689,Airstal Sp. z o.o,2
10-2123,Airstal Sp. z o.o,1
10-1110,Airstal Sp. z o.o,1
10-2124,Airstal Sp. z o.o,4
10-6176,Airstal Sp. z o.o,25
10-1354,Airstal Sp. z o.o,1
10-2201,Airstal Sp. z o.o,3
10-2263,Airstal Sp. z o.o,1
10-0293,Airstal Sp. z o.o,24
10-4608,Airstal Sp. z o.o,1
10-3804,Airstal Sp. z o.o,5
10-0530,Airstal Sp. z o.o,4
10-3143,Airstal Sp. z o.o,3
10-3124,Airstal Sp. z o.o,2
10-4391,Airstal Sp. z o.o,2
10-2700,Airstal Sp. z o.o,1
10-2047,Airstal Sp. z o.o,3
10-4378,Airstal Sp. z o.o,1
10-2661,Airstal Sp. z o.o,2
10-3369,Airstal Sp. z o.o,1
10-3562,Airstal Sp. z o.o,2
10-5569,Airstal Sp. z o.o,4
10-4278,Airstal Sp. z o.o,1
10-5633,Airstal Sp. z o.o,1
10-0276,Airstal Sp. z o.o,10
10-3119,Airstal Sp. z o.o,1
10-0353,Airstal Sp. z o.o,3
10-3643,Airstal Sp. z o.o,1
10-3259,Airstal Sp. z o.o,1
10-3639,Airstal Sp. z o.o,2
10-2759,Airstal Sp. z o.o,1
10-5537,Airstal Sp. z o.o,1
10-3982,Airstal Sp. z o.o,1
10-5991,Airstal Sp. z o.o,1
10-3241,Airstal Sp. z o.o,18
10-0191U,Airstal Sp. z o.o,1
10-3960,Airstal Sp. z o.o,3
10-4151U,Airstal Sp. z o.o,1
10-4662U,Airstal Sp. z o.o,1
10-1861U,Airstal Sp. z o.o,1
10-1567,Airstal Sp. z o.o,143
10-5553,Airstal Sp. z o.o,1
10-4004,Airstal Sp. z o.o,1
10-4252,Airstal Sp. z o.o,5
10-5499,Airstal Sp. z o.o,1
10-4678U,Airstal Sp. z o.o,1
10-4208U,Airstal Sp. z o.o,1
10-4298U,Airstal Sp. z o.o,1
10-4491U,Airstal Sp. z o.o,1
10-3562U,Airstal Sp. z o.o,1
10-3747,Airstal Sp. z o.o,8
10-1872,Airstal Sp. z o.o,156
10-5636,Airstal Sp. z o.o,1
10-4378U,Airstal Sp. z o.o,1
10-0112,Airstal Sp. z o.o,68
10-1772,Airstal Sp. z o.o,1
10-2143,Airstal Sp. z o.o,10
10-2654,Airstal Sp. z o.o,1
10-2673,Airstal Sp. z o.o,1
10-2771,Airstal Sp. z o.o,1
10-2601,Airstal Sp. z o.o,1
10-3851,Airstal Sp. z o.o,1
10-2176,Airstal Sp. z o.o,142
10-4233,Airstal Sp. z o.o,1
10-0278U,Airstal Sp. z o.o,2
10-0340U,Airstal Sp. z o.o,1
10-5243,Airstal Sp. z o.o,1
10-2746U,Airstal Sp. z o.o,1
10-0469U,Airstal Sp. z o.o,1
10-4581,Airstal Sp. z o.o,2
10-2670,Airstal Sp. z o.o,5
10-0490,Airstal Sp. z o.o,3
10-0752,Airstal Sp. z o.o,1
10-5851,Airstal Sp. z o.o,5
10-0288,Airstal Sp. z o.o,2
10-1379,Airstal Sp. z o.o,1
10-4235,Airstal Sp. z o.o,1
10-0579,Airstal Sp. z o.o,14
10-0320,Airstal Sp. z o.o,1
10-3180,Airstal Sp. z o.o,37
10-3715,Airstal Sp. z o.o,189
10-4425,Airstal Sp. z o.o,15
10-0539,Airstal Sp. z o.o,3
10-0769,Airstal Sp. z o.o,1
10-0211,Airstal Sp. z o.o,2
10-0368,Airstal Sp. z o.o,2
10-0654,Airstal Sp. z o.o,1
10-0397,Airstal Sp. z o.o,2
10-0072,Airstal Sp. z o.o,99
10-1697,Airstal Sp. z o.o,1
10-0770,Airstal Sp. z o.o,1
10-4746,Airstal Sp. z o.o,3
10-1913,Airstal Sp. z o.o,21
10-0484,Airstal Sp. z o.o,6
10-0777,Airstal Sp. z o.o,6
10-4212,Airstal Sp. z o.o,1
10-4434,Airstal Sp. z o.o,3
10-6215,Airstal Sp. z o.o,3
10-5797,Airstal Sp. z o.o,1
10-5872,Airstal Sp. z o.o,2
10-5804,Airstal Sp. z o.o,2
10-6008,Airstal Sp. z o.o,1
10-6011,Airstal Sp. z o.o,1
10-4576,Airstal Sp. z o.o,1
10-6284,Airstal Sp. z o.o,2
10-5522,Airstal Sp. z o.o,1
10-5811,Airstal Sp. z o.o,1
10-6196,Airstal Sp. z o.o,3
10-6184,Airstal Sp. z o.o,1
10-4611,Airstal Sp. z o.o,2
10-5761,Airstal Sp. z o.o,2
10-5962,Airstal Sp. z o.o,1
10-5585,Airstal Sp. z o.o,1
10-6148,Airstal Sp. z o.o,3
10-5768,Airstal Sp. z o.o,1
10-5687,Airstal Sp. z o.o,1
10-6307,Airstal Sp. z o.o,1
10-1277,Airstal Sp. z o.o,1
10-0254U,Airstal Sp. z o.o,1
10-0297U,Airstal Sp. z o.o,1
10-0395,Airstal Sp. z o.o,1
10-3730,Airstal Sp. z o.o,1
10-5736,Airstal Sp. z o.o,1
10-3150,Airstal Sp. z o.o,3
10-1522,Airstal Sp. z o.o,88
10-0068,Airstal Sp. z o.o,4
10-0392,Airstal Sp. z o.o,16
10-4221U,Airstal Sp. z o.o,1
10-1556,Airstal Sp. z o.o,2
10-0015,Airstal Sp. z o.o,2
10-4587U,Airstal Sp. z o.o,1
10-0483U,Airstal Sp. z o.o,2
10-3498,Airstal Sp. z o.o,2
10-1409,Airstal Sp. z o.o,13
10-0806,Airstal Sp. z o.o,12
10-3766,Airstal Sp. z o.o,29
10-0263,Airstal Sp. z o.o,7
10-3375,Airstal Sp. z o.o,28
10-4562,Airstal Sp. z o.o,19
10-5591,Airstal Sp. z o.o,21
10-4638,Airstal Sp. z o.o,10
10-3769,Airstal Sp. z o.o,3
10-5593,Airstal Sp. z o.o,8
10-5560,Airstal Sp. z o.o,3
10-2133,Airstal Sp. z o.o,3
10-0029,Airstal Sp. z o.o,23
10-0722,Airstal Sp. z o.o,65
10-1212,Airstal Sp. z o.o,1
10-0096,Airstal Sp. z o.o,1
10-3869,Airstal Sp. z o.o,25
10-2220,Airstal Sp. z o.o,1
10-5748,Airstal Sp. z o.o,1
10-1817,Airstal Sp. z o.o,37
10-1112,Airstal Sp. z o.o,2
10-4261,Airstal Sp. z o.o,3
10-1563,Airstal Sp. z o.o,23
10-1253,Airstal Sp. z o.o,13
10-3295,Airstal Sp. z o.o,92
10-0347,Airstal Sp. z o.o,1
10-0902,Airstal Sp. z o.o,4
10-3528,Airstal Sp. z o.o,1
10-0350,Airstal Sp. z o.o,1
10-3883,Airstal Sp. z o.o,4
10-0522,Airstal Sp. z o.o,1
10-3967,Airstal Sp. z o.o,116
10-2194,Airstal Sp. z o.o,1
10-0403,Airstal Sp. z o.o,170
10-0180U,Airstal Sp. z o.o,1
10-5815,Airstal Sp. z o.o,1
10-5535,Airstal Sp. z o.o,1
10-0897,Airstal Sp. z o.o,8
10-0033,Airstal Sp. z o.o,71
10-0327,Airstal Sp. z o.o,2
10-0700,Airstal Sp. z o.o,2
10-5807,Airstal Sp. z o.o,2
10-0556,Airstal Sp. z o.o,1
10-6107,Airstal Sp. z o.o,1
10-3783,Airstal Sp. z o.o,3
10-0348,Airstal Sp. z o.o,1
10-0372,Airstal Sp. z o.o,2
10-0631,Airstal Sp. z o.o,1
10-1375,Airstal Sp. z o.o,1
10-1509,Airstal Sp. z o.o,18
10-2192,Airstal Sp. z o.o,2
10-0900,Airstal Sp. z o.o,18
10-0233,Airstal Sp. z o.o,6
10-0558,Airstal Sp. z o.o,1
10-0456,Airstal Sp. z o.o,14
10-5638,Airstal Sp. z o.o,2
10-1520,Airstal Sp. z o.o,1
10-5880,Airstal Sp. z o.o,1
10-1581,Airstal Sp. z o.o,4
10-0814,Airstal Sp. z o.o,23
10-5619U,Airstal Sp. z o.o,1
10-2018,Airstal Sp. z o.o,2
10-1089,Airstal Sp. z o.o,1
10-3920,Airstal Sp. z o.o,1
10-1090,Airstal Sp. z o.o,3
10-2080,Airstal Sp. z o.o,1
10-1626,Airstal Sp. z o.o,1
10-1087,Airstal Sp. z o.o,1
10-0925,Airstal Sp. z o.o,1
10-2114,Airstal Sp. z o.o,2
10-2345,Airstal Sp. z o.o,1
10-4162,Airstal Sp. z o.o,1
10-1123,Airstal Sp. z o.o,2
10-6133,Airstal Sp. z o.o,1
10-1530,Airstal Sp. z o.o,2
10-0248,Airstal Sp. z o.o,2
10-3994,Airstal Sp. z o.o,1
10-3900,Airstal Sp. z o.o,1
10-0001,Airstal Sp. z o.o,9
10-2671,Airstal Sp. z o.o,2
10-4526,Airstal Sp. z o.o,1
10-3501,Airstal Sp. z o.o,2
10-1573,Airstal Sp. z o.o,25
10-1694,Airstal Sp. z o.o,1
10-2555,Airstal Sp. z o.o,1
10-4632,Airstal Sp. z o.o,2
10-2004,Airstal Sp. z o.o,2
10-0463,Airstal Sp. z o.o,1
10-3998,Airstal Sp. z o.o,1
10-3933,Airstal Sp. z o.o,1
10-3948,Airstal Sp. z o.o,1
10-3909,Airstal Sp. z o.o,1
10-5506,Airstal Sp. z o.o,1
10-4151,Airstal Sp. z o.o,2
10-4023,Airstal Sp. z o.o,15
10-3341,Airstal Sp. z o.o,1
10-0817,Airstal Sp. z o.o,8
10-5546,Airstal Sp. z o.o,2
10-5550,Airstal Sp. z o.o,2
10-5549,Airstal Sp. z o.o,1
10-4510,Airstal Sp. z o.o,3
10-5562,Airstal Sp. z o.o,1
10-4416,Airstal Sp. z o.o,1
10-0533,Airstal Sp. z o.o,1
10-3583,Airstal Sp. z o.o,9
10-3938,Airstal Sp. z o.o,1
10-3842,Airstal Sp. z o.o,1
10-0707,Airstal Sp. z o.o,1
10-0332,Airstal Sp. z o.o,1
10-1583,Airstal Sp. z o.o,2
10-4470,Airstal Sp. z o.o,1
10-4385,Airstal Sp. z o.o,2
10-5597,Airstal Sp. z o.o,1
10-5739,Airstal Sp. z o.o,1
10-0168,Airstal Sp. z o.o,2
10-0658,Airstal Sp. z o.o,4
10-3564,Airstal Sp. z o.o,1
10-2457,Airstal Sp. z o.o,1
10-6040,Airstal Sp. z o.o,3
10-5803,Airstal Sp. z o.o,1
10-2373,Airstal Sp. z o.o,1
10-0929,Airstal Sp. z o.o,1
10-5620,Airstal Sp. z o.o,1
10-5769,Airstal Sp. z o.o,63
10-2697,Airstal Sp. z o.o,84
10-1131,Airstal Sp. z o.o,1
10-6291,Airstal Sp. z o.o,1
10-4523,Airstal Sp. z o.o,14
10-5964,Airstal Sp. z o.o,4
10-3166,Airstal Sp. z o.o,1
10-6197,Airstal Sp. z o.o,37
10-5885,Airstal Sp. z o.o,2
10-5810,Airstal Sp. z o.o,1
10-6175,Airstal Sp. z o.o,2
10-6173,Airstal Sp. z o.o,2
10-6326,Airstal Sp. z o.o,1
10-6322,Airstal Sp. z o.o,1
10-6255,Airstal Sp. z o.o,1
10-4658,Airstal Sp. z o.o,2
10-5195,Airstal Sp. z o.o,1
10-1175,Airstal Sp. z o.o,1
10-1401,Airstal Sp. z o.o,1
10-4106,Airstal Sp. z o.o,4
10-2129,Airstal Sp. z o.o,13
10-2579U,Airstal Sp. z o.o,2
10-6183,Airstal Sp. z o.o,2
10-1114,Airstal Sp. z o.o,2
10-4520,Airstal Sp. z o.o,3
10-4633,Airstal Sp. z o.o,12
10-1759,Airstal Sp. z o.o,1
10-0744,Airstal Sp. z o.o,40
10-2578U,Airstal Sp. z o.o,1
10-6341,Airstal Sp. z o.o,1
10-0981,Airstal Sp. z o.o,1
10-1058,Airstal Sp. z o.o,3
10-3480,Airstal Sp. z o.o,54
10-1508,Airstal Sp. z o.o,50
10-6243,Airstal Sp. z o.o,1
10-0346,Airstal Sp. z o.o,7
10-0764,Airstal Sp. z o.o,2
10-4605,Airstal Sp. z o.o,1
10-2044,Airstal Sp. z o.o,2
10-3147,Airstal Sp. z o.o,9
10-5520,Airstal Sp. z o.o,2
10-2644,Airstal Sp. z o.o,1
10-0600,Airstal Sp. z o.o,1
10-4247,Airstal Sp. z o.o,1
10-2322,Airstal Sp. z o.o,1
10-0191,Airstal Sp. z o.o,18
10-5216,Airstal Sp. z o.o,2
10-5244,Airstal Sp. z o.o,2
10-1793,Airstal Sp. z o.o,1
10-4566,Airstal Sp. z o.o,2
10-0971,Airstal Sp. z o.o,1
10-0474,Airstal Sp. z o.o,22
10-3748,Airstal Sp. z o.o,2
10-2076,Airstal Sp. z o.o,1
10-0375,Airstal Sp. z o.o,14
10-5248,Airstal Sp. z o.o,1
10-4733U,Airstal Sp. z o.o,1
10-4459U,Airstal Sp. z o.o,3
10-5528U,Airstal Sp. z o.o,1
10-0885U,Airstal Sp. z o.o,1
10-4461U,Airstal Sp. z o.o,2
10-4252U,Airstal Sp. z o.o,1
10-5860U,Airstal Sp. z o.o,5
10-2134U,Airstal Sp. z o.o,1
10-2210,Airstal Sp. z o.o,1
10-3641,Airstal Sp. z o.o,1
10-1982,Airstal Sp. z o.o,1
10-0660,Airstal Sp. z o.o,7
10-1661,Airstal Sp. z o.o,7
10-3209,Airstal Sp. z o.o,2
10-1972,Airstal Sp. z o.o,2
10-2622,Airstal Sp. z o.o,1
10-2983,Airstal Sp. z o.o,1
10-0739,Airstal Sp. z o.o,2
10-3871U,Airstal Sp. z o.o,2
10-4117U,Airstal Sp. z o.o,1
10-2185,Airstal Sp. z o.o,1
10-2094,Airstal Sp. z o.o,1
10-0284,Airstal Sp. z o.o,2
10-2734,Airstal Sp. z o.o,1
10-1297,Airstal Sp. z o.o,7
10-4167,Airstal Sp. z o.o,26
10-3370,Airstal Sp. z o.o,6
10-5621,Airstal Sp. z o.o,2
10-0297,Airstal Sp. z o.o,2
10-1239,Airstal Sp. z o.o,2
10-0738,Airstal Sp. z o.o,1
10-5645,Airstal Sp. z o.o,1
10-2639,Airstal Sp. z o.o,1
10-1455,Airstal Sp. z o.o,1
10-5565,Airstal Sp. z o.o,1
10-5727,Airstal Sp. z o.o,1
10-0936,Airstal Sp. z o.o,14
10-3644,Airstal Sp. z o.o,1
10-1488,Airstal Sp. z o.o,2
10-2729,Airstal Sp. z o.o,2
10-2560,Airstal Sp. z o.o,27
10-1605,Airstal Sp. z o.o,24
10-1125,Airstal Sp. z o.o,3
10-1674,Airstal Sp. z o.o,2
10-1460,Airstal Sp. z o.o,2
10-1489,Airstal Sp. z o.o,1
10-0870,Airstal Sp. z o.o,1
10-5764U,Airstal Sp. z o.o,1
10-3850U,Airstal Sp. z o.o,1
10-5841U,Airstal Sp. z o.o,1
10-2138U,Airstal Sp. z o.o,1
10-2246U,Airstal Sp. z o.o,1
10-1805,Airstal Sp. z o.o,3
10-0086,Airstal Sp. z o.o,21
10-1156,Airstal Sp. z o.o,1
10-0102,Airstal Sp. z o.o,36
10-3908,Airstal Sp. z o.o,1
10-0671,Airstal Sp. z o.o,31
10-1109,Airstal Sp. z o.o,18
10-5704,Airstal Sp. z o.o,15
10-2933,Airstal Sp. z o.o,1
10-0116,Airstal Sp. z o.o,30
10-0152,Airstal Sp. z o.o,46
10-4288,Airstal Sp. z o.o,1
10-3761,Airstal Sp. z o.o,1
10-0656,Airstal Sp. z o.o,30
10-0594,Airstal Sp. z o.o,19
10-0661,Airstal Sp. z o.o,5
10-0778,Airstal Sp. z o.o,1
10-0078,Airstal Sp. z o.o,1
10-0328,Airstal Sp. z o.o,11
10-0715,Airstal Sp. z o.o,4
10-0725,Airstal Sp. z o.o,17
10-2326,Airstal Sp. z o.o,8
10-0009,Airstal Sp. z o.o,14
10-2104,Airstal Sp. z o.o,2
10-0599,Airstal Sp. z o.o,14
10-1209,Airstal Sp. z o.o,1
10-0644,Airstal Sp. z o.o,5
10-0380,Airstal Sp. z o.o,1
10-4180,Airstal Sp. z o.o,22
10-0628,Airstal Sp. z o.o,97
10-0423,Airstal Sp. z o.o,5
10-2125,Airstal Sp. z o.o,65
10-0127,Airstal Sp. z o.o,36
10-3359,Airstal Sp. z o.o,1
10-1975,Airstal Sp. z o.o,1
10-5595,Airstal Sp. z o.o,2
10-6262,Airstal Sp. z o.o,6
10-1137,Airstal Sp. z o.o,1
10-2503U,Airstal Sp. z o.o,1
10-3897U,Airstal Sp. z o.o,1
10-2215U,Airstal Sp. z o.o,1
10-4277U,Airstal Sp. z o.o,1
10-3370U,Airstal Sp. z o.o,1
10-1975U,Airstal Sp. z o.o,1
10-2613U,Airstal Sp. z o.o,1
10-6236U,Airstal Sp. z o.o,1
10-1779U,Airstal Sp. z o.o,1
10-4401U,Airstal Sp. z o.o,1
10-1086,Airstal Sp. z o.o,2
10-5451,Airstal Sp. z o.o,1
10-5238,Airstal Sp. z o.o,1
10-4208,Airstal Sp. z o.o,1
10-5576,Airstal Sp. z o.o,28
10-2503,Airstal Sp. z o.o,2
10-1137U,Airstal Sp. z o.o,1
10-5717,Airstal Sp. z o.o,2
10-1254,Airstal Sp. z o.o,22
10-2716,Airstal Sp. z o.o,23
10-6000,Airstal Sp. z o.o,38
10-0321,Airstal Sp. z o.o,2
10-2482,Airstal Sp. z o.o,36
10-1989,Airstal Sp. z o.o,9
10-0918,Airstal Sp. z o.o,38
10-1841,Airstal Sp. z o.o,2
10-3302,Airstal Sp. z o.o,100
10-3374,Airstal Sp. z o.o,34
10-2610,Airstal Sp. z o.o,2
10-1630,Airstal Sp. z o.o,2
10-1569,Airstal Sp. z o.o,2
10-2033,Airstal Sp. z o.o,1
10-3376,Airstal Sp. z o.o,16
10-2096,Airstal Sp. z o.o,47
10-0620,Airstal Sp. z o.o,10
10-0669,Airstal Sp. z o.o,20
10-3907,Airstal Sp. z o.o,1
10-2939,Airstal Sp. z o.o,2
10-3510,Airstal Sp. z o.o,1
10-5833,Airstal Sp. z o.o,1
10-5801,Airstal Sp. z o.o,2
10-5805,Airstal Sp. z o.o,2
10-1457,Airstal Sp. z o.o,1
10-5838,Airstal Sp. z o.o,2
10-5735,Airstal Sp. z o.o,2
10-5704U,Airstal Sp. z o.o,1
10-4722U,Airstal Sp. z o.o,1
10-5822,Airstal Sp. z o.o,2
10-4525,Airstal Sp. z o.o,9
10-3176,Airstal Sp. z o.o,1
10-5834,Airstal Sp. z o.o,1
10-0995,Airstal Sp. z o.o,16
10-1774,Airstal Sp. z o.o,9
10-1664,Airstal Sp. z o.o,32
10-5759,Airstal Sp. z o.o,2
10-3992,Airstal Sp. z o.o,10
10-0510,Airstal Sp. z o.o,2
10-1681,Airstal Sp. z o.o,2
10-4232,Airstal Sp. z o.o,8
10-1647,Airstal Sp. z o.o,8
10-0092,Airstal Sp. z o.o,4
10-1863,Airstal Sp. z o.o,12
10-5842,Airstal Sp. z o.o,2
10-5840,Airstal Sp. z o.o,1
10-2207,Airstal Sp. z o.o,1
10-5848,Airstal Sp. z o.o,3
10-0640,Airstal Sp. z o.o,2
10-5910,Airstal Sp. z o.o,2
10-2100,Airstal Sp. z o.o,12
10-6253,Airstal Sp. z o.o,1
10-0198,Airstal Sp. z o.o,9
10-3737,Airstal Sp. z o.o,59
10-6125,Airstal Sp. z o.o,1
10-0550,Airstal Sp. z o.o,8
10-5879,Airstal Sp. z o.o,1
10-4579,Airstal Sp. z o.o,1
10-6309,Airstal Sp. z o.o,2
10-0785,Airstal Sp. z o.o,13
10-6355,Airstal Sp. z o.o,27
10-1575,Airstal Sp. z o.o,1
10-1029,Airstal Sp. z o.o,17
10-0017,Airstal Sp. z o.o,15
10-2128,Airstal Sp. z o.o,4
10-3411,Airstal Sp. z o.o,9
10-1838,Airstal Sp. z o.o,3
10-0825,Airstal Sp. z o.o,10
10-2111,Airstal Sp. z o.o,2
10-0217,Airstal Sp. z o.o,27
10-3158,Airstal Sp. z o.o,6
10-1298,Airstal Sp. z o.o,1
10-1030,Airstal Sp. z o.o,1
10-1337,Airstal Sp. z o.o,1
10-0845,Airstal Sp. z o.o,5
10-0933,Airstal Sp. z o.o,14
10-0408,Airstal Sp. z o.o,4
10-2516,Airstal Sp. z o.o,1
10-4523U,Airstal Sp. z o.o,3
10-5590,Airstal Sp. z o.o,46
10-0630,Airstal Sp. z o.o,17
10-4111,Airstal Sp. z o.o,1
10-2932,Airstal Sp. z o.o,17
10-4574,Airstal Sp. z o.o,2
10-0894,Airstal Sp. z o.o,3
10-6227U,Airstal Sp. z o.o,1
10-5769U,Airstal Sp. z o.o,3
10-5903,Airstal Sp. z o.o,2
10-0451,Airstal Sp. z o.o,13
10-2731,Airstal Sp. z o.o,2
10-4488,Airstal Sp. z o.o,13
10-1618,Airstal Sp. z o.o,3
10-2728,Airstal Sp. z o.o,1
10-0824,Airstal Sp. z o.o,24
10-0486,Airstal Sp. z o.o,6
10-1565,Airstal Sp. z o.o,2
10-0488,Airstal Sp. z o.o,2
10-0165,Airstal Sp. z o.o,1
10-1180,Airstal Sp. z o.o,1
10-0717,Airstal Sp. z o.o,2
10-0457,Airstal Sp. z o.o,1
10-2099,Airstal Sp. z o.o,3
10-4370,Airstal Sp. z o.o,1
10-3765,Airstal Sp. z o.o,1
10-3162,Airstal Sp. z o.o,2
10-3997,Airstal Sp. z o.o,3
10-0574,Airstal Sp. z o.o,1
10-6351,Airstal Sp. z o.o,1
10-0693,Airstal Sp. z o.o,1
10-1317,Airstal Sp. z o.o,1
10-1422,Airstal Sp. z o.o,1
10-3250,Airstal Sp. z o.o,1
10-6345,Airstal Sp. z o.o,1
10-4856,Airstal Sp. z o.o,1
10-4178,Airstal Sp. z o.o,1
10-4723,Airstal Sp. z o.o,1
10-2162,Airstal Sp. z o.o,1
10-0452,Airstal Sp. z o.o,1
10-6229,Airstal Sp. z o.o,1
10-1751,Airstal Sp. z o.o,1
10-4468,Airstal Sp. z o.o,6
10-5854,Airstal Sp. z o.o,2
10-3184,Airstal Sp. z o.o,1
10-0154,Airstal Sp. z o.o,28
10-4473,Airstal Sp. z o.o,1
10-4655,Airstal Sp. z o.o,32
10-0713,Airstal Sp. z o.o,48
10-0295,Airstal Sp. z o.o,19
10-4286,Airstal Sp. z o.o,2
10-0074,Airstal Sp. z o.o,23
10-0282,Airstal Sp. z o.o,4
10-0390,Airstal Sp. z o.o,49
10-4917,Airstal Sp. z o.o,1
10-6325,Airstal Sp. z o.o,1
10-0786,Airstal Sp. z o.o,2
10-0980,Airstal Sp. z o.o,1
10-1645,Airstal Sp. z o.o,2
10-1176,Airstal Sp. z o.o,2
10-2213,Airstal Sp. z o.o,6
10-2566,Airstal Sp. z o.o,1
10-0093,Airstal Sp. z o.o,40
10-0627,Airstal Sp. z o.o,1
10-4149,Airstal Sp. z o.o,10
10-0611,Airstal Sp. z o.o,27
10-0371,Airstal Sp. z o.o,1
10-0434,Airstal Sp. z o.o,1
10-0910,Airstal Sp. z o.o,47
10-3582,Airstal Sp. z o.o,18
10-1702,Airstal Sp. z o.o,1
10-0210,Airstal Sp. z o.o,125
10-0915,Airstal Sp. z o.o,155
10-0205,Airstal Sp. z o.o,12
10-0917U,Airstal Sp. z o.o,17
10-0723U,Airstal Sp. z o.o,1
10-1005,Airstal Sp. z o.o,34
10-1120,Airstal Sp. z o.o,36
10-4477,Airstal Sp. z o.o,11
10-4239,Airstal Sp. z o.o,4
10-4598,Airstal Sp. z o.o,1
10-4139,Airstal Sp. z o.o,1
10-5630,Airstal Sp. z o.o,1
10-1092,Airstal Sp. z o.o,9
10-1957,Airstal Sp. z o.o,24
10-0030,Airstal Sp. z o.o,7
10-1398,Airstal Sp. z o.o,44
10-0934,Airstal Sp. z o.o,26
10-0185,Airstal Sp. z o.o,18
10-1135,Airstal Sp. z o.o,1
10-2157,Airstal Sp. z o.o,4
10-3240,Airstal Sp. z o.o,63
10-4684,Airstal Sp. z o.o,8
10-0847,Airstal Sp. z o.o,9
10-2413,Airstal Sp. z o.o,1
10-4210U,Airstal Sp. z o.o,1
10-5516U,Airstal Sp. z o.o,1
10-4035U,Airstal Sp. z o.o,1
10-0139,Airstal Sp. z o.o,24
10-0109,Airstal Sp. z o.o,1
10-4448,Airstal Sp. z o.o,9
10-3286,Airstal Sp. z o.o,13
10-2544,Airstal Sp. z o.o,18
10-2015,Airstal Sp. z o.o,1
10-0909,Airstal Sp. z o.o,12
10-2140,Airstal Sp. z o.o,40
10-0924,Airstal Sp. z o.o,146
10-2163,Airstal Sp. z o.o,6
10-0922,Airstal Sp. z o.o,15
10-0157,Airstal Sp. z o.o,21
10-0951,Airstal Sp. z o.o,7
10-1651,Airstal Sp. z o.o,5
10-0146,Airstal Sp. z o.o,11
10-0968,Airstal Sp. z o.o,3
10-5612U,Airstal Sp. z o.o,3
10-1726,Airstal Sp. z o.o,7
10-2215,Airstal Sp. z o.o,4
10-1873,Airstal Sp. z o.o,12
10-6232,Airstal Sp. z o.o,1
10-2078,Airstal Sp. z o.o,2
10-0390U,Airstal Sp. z o.o,3
10-0476U,Airstal Sp. z o.o,1
10-0442,Airstal Sp. z o.o,20
10-2239,Airstal Sp. z o.o,10
10-4514,Airstal Sp. z o.o,1
10-2011,Airstal Sp. z o.o,1
10-4089,Airstal Sp. z o.o,5
10-0441,Airstal Sp. z o.o,17
10-3408,Airstal Sp. z o.o,15
10-5504,Airstal Sp. z o.o,10
10-0306,Airstal Sp. z o.o,1
10-6211,Airstal Sp. z o.o,6
10-0684U,Airstal Sp. z o.o,1
10-0453U,Airstal Sp. z o.o,2
10-0935,Airstal Sp. z o.o,7
10-2172,Airstal Sp. z o.o,3
10-1196,Airstal Sp. z o.o,7
10-4472,Airstal Sp. z o.o,6
10-3924,Airstal Sp. z o.o,9
10-1820,Airstal Sp. z o.o,7
10-0648,Airstal Sp. z o.o,8
10-4591,Airstal Sp. z o.o,13
10-1557,Airstal Sp. z o.o,5
10-0838,Airstal Sp. z o.o,2
10-0334,Airstal Sp. z o.o,12
10-2023,Airstal Sp. z o.o,28
10-3387,Airstal Sp. z o.o,3
10-3326,Airstal Sp. z o.o,1
10-4622,Airstal Sp. z o.o,1
10-0986,Airstal Sp. z o.o,4
10-4587,Airstal Sp. z o.o,2
10-0267,Airstal Sp. z o.o,1
10-0947,Airstal Sp. z o.o,3
10-3721,Airstal Sp. z o.o,1
10-0024,Airstal Sp. z o.o,6
10-1173,Airstal Sp. z o.o,1
10-1810,Airstal Sp. z o.o,1
10-0678,Airstal Sp. z o.o,4
10-0138,Airstal Sp. z o.o,44
10-3406,Airstal Sp. z o.o,2
10-1610,Airstal Sp. z o.o,1
10-0960,Airstal Sp. z o.o,26
10-4449,Airstal Sp. z o.o,2
10-1509U,Airstal Sp. z o.o,2
10-1508U,Airstal Sp. z o.o,4
10-4441,Airstal Sp. z o.o,8
10-4392U,Airstal Sp. z o.o,2
10-5577U,Airstal Sp. z o.o,2
10-0581U,Airstal Sp. z o.o,1
10-0128,Airstal Sp. z o.o,26
10-6324,Airstal Sp. z o.o,2
10-1346,Airstal Sp. z o.o,1
10-0355U,Airstal Sp. z o.o,1
10-6154,Airstal Sp. z o.o,3
10-6301,Airstal Sp. z o.o,2
10-6321,Airstal Sp. z o.o,5
10-1743,Airstal Sp. z o.o,2
10-0639,Airstal Sp. z o.o,1
10-0829,Airstal Sp. z o.o,1
10-0642,Airstal Sp. z o.o,35
10-0084,Airstal Sp. z o.o,40
10-0952,Airstal Sp. z o.o,1
10-1155,Airstal Sp. z o.o,1
10-0957,Airstal Sp. z o.o,56
10-1440,Airstal Sp. z o.o,1
10-4035,Airstal Sp. z o.o,1
10-2272,Airstal Sp. z o.o,1
10-3588,Airstal Sp. z o.o,33
10-5437,Airstal Sp. z o.o,2
10-4592,Airstal Sp. z o.o,1
10-6016,Airstal Sp. z o.o,8
10-6043,Airstal Sp. z o.o,2
10-3990,Airstal Sp. z o.o,2
10-0603,Airstal Sp. z o.o,5
10-2097U,Airstal Sp. z o.o,1
10-5646,Airstal Sp. z o.o,1
10-6039,Airstal Sp. z o.o,1
10-5856,Airstal Sp. z o.o,1
10-1725,Airstal Sp. z o.o,2
10-3586,Airstal Sp. z o.o,25
10-4182,Airstal Sp. z o.o,1
10-0260,Airstal Sp. z o.o,16
10-1596,Airstal Sp. z o.o,2
10-0071,Airstal Sp. z o.o,3
10-1598,Airstal Sp. z o.o,1
10-6350,Airstal Sp. z o.o,2
10-0560,Airstal Sp. z o.o,1
10-5859,Airstal Sp. z o.o,1
10-0115,Airstal Sp. z o.o,10
10-4907,Airstal Sp. z o.o,1
10-6074,Airstal Sp. z o.o,1
10-5744,Airstal Sp. z o.o,1
10-6170,Airstal Sp. z o.o,2
10-4144,Airstal Sp. z o.o,2
10-0063,Airstal Sp. z o.o,12
10-3447,Airstal Sp. z o.o,1
10-3976,Airstal Sp. z o.o,2
10-0318,Airstal Sp. z o.o,71
10-0016,Airstal Sp. z o.o,2
10-0911,Airstal Sp. z o.o,32
10-0650,Airstal Sp. z o.o,31
10-5734,Airstal Sp. z o.o,1
10-1107,Airstal Sp. z o.o,10
10-2569,Airstal Sp. z o.o,2
10-2953,Airstal Sp. z o.o,2
10-5246,Airstal Sp. z o.o,1
10-2214,Airstal Sp. z o.o,17
10-5806,Airstal Sp. z o.o,1
10-4726,Airstal Sp. z o.o,1
10-1257,Airstal Sp. z o.o,3
10-3289,Airstal Sp. z o.o,14
10-6264,Airstal Sp. z o.o,1
10-0965,Airstal Sp. z o.o,18
10-0203,Airstal Sp. z o.o,56
10-3882,Airstal Sp. z o.o,1
10-3373,Airstal Sp. z o.o,1
10-0520,Airstal Sp. z o.o,27
10-0593,Airstal Sp. z o.o,31
10-4474,Airstal Sp. z o.o,2
10-1012,Airstal Sp. z o.o,21
10-0062,Airstal Sp. z o.o,4
10-1034,Airstal Sp. z o.o,23
10-3315,Airstal Sp. z o.o,3
10-1122,Airstal Sp. z o.o,76
10-1819,Airstal Sp. z o.o,15
10-1590,Airstal Sp. z o.o,1
10-2234U,Airstal Sp. z o.o,1
10-0659,Airstal Sp. z o.o,14
10-0503,Airstal Sp. z o.o,5
10-4680,Airstal Sp. z o.o,7
10-0963,Airstal Sp. z o.o,31
10-1001,Airstal Sp. z o.o,4
10-0629,Airstal Sp. z o.o,7
10-1126,Airstal Sp. z o.o,3
10-0147,Airstal Sp. z o.o,1
10-4588,Airstal Sp. z o.o,4
10-3291,Airstal Sp. z o.o,2
10-0135,Airstal Sp. z o.o,2
10-1367,Airstal Sp. z o.o,1
10-0956,Airstal Sp. z o.o,5
10-3310,Airstal Sp. z o.o,8
10-0695,Airstal Sp. z o.o,1
10-1579,Airstal Sp. z o.o,47
10-0143,Airstal Sp. z o.o,40
10-1910,Airstal Sp. z o.o,3
10-4263,Airstal Sp. z o.o,30
10-3870,Airstal Sp. z o.o,26
10-2169,Airstal Sp. z o.o,1
10-0043,Airstal Sp. z o.o,1
10-2005,Airstal Sp. z o.o,1
10-1744,Airstal Sp. z o.o,1
10-1037,Airstal Sp. z o.o,1
10-1180X,Airstal Sp. z o.o,1
10-1199,Airstal Sp. z o.o,11
10-0633,Airstal Sp. z o.o,2
10-4078,Airstal Sp. z o.o,3
10-1103,Airstal Sp. z o.o,69
10-1025,Airstal Sp. z o.o,2
10-0776,Airstal Sp. z o.o,2
10-0534,Airstal Sp. z o.o,20
10-5502,Airstal Sp. z o.o,1
10-6147,Airstal Sp. z o.o,4
10-0708,Airstal Sp. z o.o,52
10-5513,Airstal Sp. z o.o,8
10-0564,Airstal Sp. z o.o,12
10-0794,Airstal Sp. z o.o,1
10-3252,Airstal Sp. z o.o,20
10-3318,Airstal Sp. z o.o,4
10-0839,Airstal Sp. z o.o,3
10-2568,Airstal Sp. z o.o,31
10-3364,Airstal Sp. z o.o,1
10-3898U,Airstal Sp. z o.o,1
10-1436,Airstal Sp. z o.o,7
10-4660,Airstal Sp. z o.o,1
10-1240,Airstal Sp. z o.o,23
10-0536,Airstal Sp. z o.o,5
10-1160,Airstal Sp. z o.o,7
10-0265,Airstal Sp. z o.o,7
10-0974,Airstal Sp. z o.o,1
10-1536,Airstal Sp. z o.o,1
10-1698,Airstal Sp. z o.o,1
10-0159,Airstal Sp. z o.o,1
10-1435,Airstal Sp. z o.o,1
10-3575,Airstal Sp. z o.o,1
10-0532,Airstal Sp. z o.o,1
10-2097,Airstal Sp. z o.o,10
10-5867,Airstal Sp. z o.o,1
10-0721,Airstal Sp. z o.o,30
10-1396,Airstal Sp. z o.o,15
10-0710,Airstal Sp. z o.o,6
10-1048,Airstal Sp. z o.o,1
10-3161,Airstal Sp. z o.o,3
10-0822,Airstal Sp. z o.o,25
10-0349,Airstal Sp. z o.o,1
10-3285,Airstal Sp. z o.o,21
10-4122,Airstal Sp. z o.o,32
10-1094,Airstal Sp. z o.o,7
10-4640,Airstal Sp. z o.o,9
10-5826,Airstal Sp. z o.o,2
10-4075,Airstal Sp. z o.o,1
10-5542,Airstal Sp. z o.o,1
10-4248,Airstal Sp. z o.o,32
10-0567,Airstal Sp. z o.o,88
10-3795,Airstal Sp. z o.o,5
10-0899,Airstal Sp. z o.o,19
10-0151,Airstal Sp. z o.o,9
10-4624,Airstal Sp. z o.o,1
10-6217,Airstal Sp. z o.o,5
10-3383,Airstal Sp. z o.o,3
10-6005,Airstal Sp. z o.o,1
10-4453,Airstal Sp. z o.o,2
10-3292,Airstal Sp. z o.o,3
10-5756,Airstal Sp. z o.o,2
10-2132,Airstal Sp. z o.o,23
10-4502,Airstal Sp. z o.o,13
10-3298,Airstal Sp. z o.o,16
10-0946,Airstal Sp. z o.o,1
10-0370,Airstal Sp. z o.o,3
10-5507,Airstal Sp. z o.o,2
10-1612,Airstal Sp. z o.o,1
10-3843,Airstal Sp. z o.o,1
10-3362,Airstal Sp. z o.o,1
10-4518,Airstal Sp. z o.o,1
10-0823,Airstal Sp. z o.o,18
10-4053,Airstal Sp. z o.o,1
10-5197,Airstal Sp. z o.o,1
10-3700,Airstal Sp. z o.o,2
10-6152,Airstal Sp. z o.o,1
10-1730,Airstal Sp. z o.o,1
10-3402,Airstal Sp. z o.o,10
10-1511,Airstal Sp. z o.o,1
10-6320,Airstal Sp. z o.o,7
10-4267,Airstal Sp. z o.o,4
10-2730,Airstal Sp. z o.o,2
10-3442,Airstal Sp. z o.o,1
10-3600,Airstal Sp. z o.o,8
10-3309,Airstal Sp. z o.o,12
10-1186,Airstal Sp. z o.o,5
10-5665,Airstal Sp. z o.o,2
10-5442,Airstal Sp. z o.o,1
10-1589,Airstal Sp. z o.o,48
10-3793,Airstal Sp. z o.o,1
10-0789,Airstal Sp. z o.o,13
10-1380,Airstal Sp. z o.o,8
10-0607,Airstal Sp. z o.o,38
10-5990,Airstal Sp. z o.o,1
10-0712,Airstal Sp. z o.o,17
10-4436,Airstal Sp. z o.o,23
10-5387,Airstal Sp. z o.o,1
10-0883,Airstal Sp. z o.o,1
10-0432U,Airstal Sp. z o.o,8
10-6256,Airstal Sp. z o.o,3
10-1432,Airstal Sp. z o.o,7
10-4096,Airstal Sp. z o.o,1
10-4266,Airstal Sp. z o.o,14
10-0657,Airstal Sp. z o.o,8
10-3568,Airstal Sp. z o.o,1
10-0875,Airstal Sp. z o.o,23
10-1187,Airstal Sp. z o.o,15
10-6218,Airstal Sp. z o.o,1
10-5500,Airstal Sp. z o.o,9
10-5832,Airstal Sp. z o.o,2
10-6258,Airstal Sp. z o.o,1
10-1203,Airstal Sp. z o.o,11
10-1658,Airstal Sp. z o.o,1
10-0189,Airstal Sp. z o.o,2
10-5429,Airstal Sp. z o.o,1
10-4593,Airstal Sp. z o.o,1
10-0095,Airstal Sp. z o.o,12
10-3467,Airstal Sp. z o.o,1
10-4392,Airstal Sp. z o.o,8
10-1182,Airstal Sp. z o.o,11
10-2130,Airstal Sp. z o.o,3
10-2590,Airstal Sp. z o.o,1
10-2160,Airstal Sp. z o.o,4
10-1954,Airstal Sp. z o.o,20
10-0597,Airstal Sp. z o.o,24
10-6333,Airstal Sp. z o.o,17
10-0632,Airstal Sp. z o.o,6
10-0668,Airstal Sp. z o.o,1
10-0845U,Airstal Sp. z o.o,1
10-0433U,Airstal Sp. z o.o,1
10-3671,Airstal Sp. z o.o,2
10-4559U,Airstal Sp. z o.o,4
10-0554U,Airstal Sp. z o.o,1
10-1546,Airstal Sp. z o.o,1
10-1486,Airstal Sp. z o.o,1
10-0636,Airstal Sp. z o.o,29
10-2037,Airstal Sp. z o.o,8
10-5772,Airstal Sp. z o.o,9
10-0266,Airstal Sp. z o.o,1
10-0400,Airstal Sp. z o.o,7
10-0186,Airstal Sp. z o.o,3
10-4455,Airstal Sp. z o.o,3
10-0746,Airstal Sp. z o.o,3
10-3419,Airstal Sp. z o.o,3
10-4102,Airstal Sp. z o.o,2
10-1823,Airstal Sp. z o.o,1
10-0123,Airstal Sp. z o.o,2
10-6202,Airstal Sp. z o.o,3
10-0905,Airstal Sp. z o.o,4
10-0259,Airstal Sp. z o.o,46
10-1081,Airstal Sp. z o.o,5
10-1249,Airstal Sp. z o.o,6
10-4206,Airstal Sp. z o.o,6
10-1003,Airstal Sp. z o.o,2
10-1597,Airstal Sp. z o.o,3
10-1654U,Airstal Sp. z o.o,1
10-4293,Airstal Sp. z o.o,2
10-0376,Airstal Sp. z o.o,6
10-6280,Airstal Sp. z o.o,1
10-0609,Airstal Sp. z o.o,3
10-0645,Airstal Sp. z o.o,4
10-1962,Airstal Sp. z o.o,11
10-0025,Airstal Sp. z o.o,1
10-0066,Airstal Sp. z o.o,15
10-1519,Airstal Sp. z o.o,10
10-3780,Airstal Sp. z o.o,6
10-2167,Airstal Sp. z o.o,5
10-0269,Airstal Sp. z o.o,6
10-4443,Airstal Sp. z o.o,6
10-1588,Airstal Sp. z o.o,7
10-0023,Airstal Sp. z o.o,4
10-0106,Airstal Sp. z o.o,10
10-0571,Airstal Sp. z o.o,1
10-0249,Airstal Sp. z o.o,10
10-0388,Airstal Sp. z o.o,3
10-3740,Airstal Sp. z o.o,2
10-0837,Airstal Sp. z o.o,1
10-0519,Airstal Sp. z o.o,4
10-1038,Airstal Sp. z o.o,3
10-0313,Airstal Sp. z o.o,7
10-1365,Airstal Sp. z o.o,3
10-0833,Airstal Sp. z o.o,15
10-2079,Airstal Sp. z o.o,9
10-2266,Airstal Sp. z o.o,1
10-1960,Airstal Sp. z o.o,9
10-0004,Airstal Sp. z o.o,5
10-0959,Airstal Sp. z o.o,1
10-1478,Airstal Sp. z o.o,1
10-0417,Airstal Sp. z o.o,1
10-4134,Airstal Sp. z o.o,1
10-0268,Airstal Sp. z o.o,57
10-3863,Airstal Sp. z o.o,1
10-3482,Airstal Sp. z o.o,1
10-0403U,Airstal Sp. z o.o,1
10-2024,Airstal Sp. z o.o,1
10-0991,Airstal Sp. z o.o,20
10-2070,Airstal Sp. z o.o,5
10-1652,Airstal Sp. z o.o,1
10-0044U,Airstal Sp. z o.o,1
10-1809U,Airstal Sp. z o.o,1
10-1405U,Airstal Sp. z o.o,1
10-0187,Airstal Sp. z o.o,1
10-6299,Airstal Sp. z o.o,16
10-2567,Airstal Sp. z o.o,11
10-0355,Airstal Sp. z o.o,1
10-2117,Airstal Sp. z o.o,1
10-2715,Airstal Sp. z o.o,3
10-1406,Airstal Sp. z o.o,5
10-2623,Airstal Sp. z o.o,1
10-6200,Airstal Sp. z o.o,6
10-0756,Airstal Sp. z o.o,7
10-4245,Airstal Sp. z o.o,1
10-0209,Airstal Sp. z o.o,2
10-0588,Airstal Sp. z o.o,11
10-3178,Airstal Sp. z o.o,3
10-1723,Airstal Sp. z o.o,9
10-5579,Airstal Sp. z o.o,38
10-4599,Airstal Sp. z o.o,5
10-0082,Airstal Sp. z o.o,7
10-0374,Airstal Sp. z o.o,2
10-0149,Airstal Sp. z o.o,32
10-1678,Airstal Sp. z o.o,4
10-3775,Airstal Sp. z o.o,1
10-0818,Airstal Sp. z o.o,16
10-0179,Airstal Sp. z o.o,2
10-3756,Airstal Sp. z o.o,6
10-4560,Airstal Sp. z o.o,6
10-0884,Airstal Sp. z o.o,13
10-3157,Airstal Sp. z o.o,2
10-1878,Airstal Sp. z o.o,15
10-2111U,Airstal Sp. z o.o,1
10-0798,Airstal Sp. z o.o,10
10-0842,Airstal Sp. z o.o,1
10-0091,Airstal Sp. z o.o,7
10-1564,Airstal Sp. z o.o,1
10-0173,Airstal Sp. z o.o,7
10-1507,Airstal Sp. z o.o,13
10-1845,Airstal Sp. z o.o,2
10-4681,Airstal Sp. z o.o,6
10-6254,Airstal Sp. z o.o,1
10-1238,Airstal Sp. z o.o,5
10-6010,Airstal Sp. z o.o,3
10-3954,Airstal Sp. z o.o,2
10-4279,Airstal Sp. z o.o,4
10-1660,Airstal Sp. z o.o,2
10-0477,Airstal Sp. z o.o,4
10-0283,Airstal Sp. z o.o,2
10-3418,Airstal Sp. z o.o,5
10-4185,Airstal Sp. z o.o,1
10-1491,Airstal Sp. z o.o,1
10-6034,Airstal Sp. z o.o,1
10-0140,Airstal Sp. z o.o,1
10-3538,Airstal Sp. z o.o,2
10-0142,Airstal Sp. z o.o,14
10-0906,Airstal Sp. z o.o,1
10-0080,Airstal Sp. z o.o,2
10-0037,Airstal Sp. z o.o,1
10-1051,Airstal Sp. z o.o,2
10-6304,Airstal Sp. z o.o,3
10-2127,Airstal Sp. z o.o,2
10-0619,Airstal Sp. z o.o,7
10-0079,Airstal Sp. z o.o,1
10-4027,Airstal Sp. z o.o,1
10-0903,Airstal Sp. z o.o,3
10-1541,Airstal Sp. z o.o,9
10-0834,Airstal Sp. z o.o,1
10-1862,Airstal Sp. z o.o,1
10-1753,Airstal Sp. z o.o,1
10-1993,Airstal Sp. z o.o,1
10-0440,Airstal Sp. z o.o,8
10-6294,Airstal Sp. z o.o,1
10-1420,Airstal Sp. z o.o,2
10-0606,Airstal Sp. z o.o,14
10-5561,Airstal Sp. z o.o,3
10-0938,Airstal Sp. z o.o,2
10-4175,Airstal Sp. z o.o,1
10-1804,Airstal Sp. z o.o,2
10-0220,Airstal Sp. z o.o,9
10-1068,Airstal Sp. z o.o,1
10-4120,Airstal Sp. z o.o,6
10-3792,Airstal Sp. z o.o,1
10-4467,Airstal Sp. z o.o,2
10-0222,Airstal Sp. z o.o,5
10-1619,Airstal Sp. z o.o,1
10-1002,Airstal Sp. z o.o,9
10-6032,Airstal Sp. z o.o,2
10-1574,Airstal Sp. z o.o,9
10-4629,Airstal Sp. z o.o,2
10-1847,Airstal Sp. z o.o,3
10-2027,Airstal Sp. z o.o,1
10-3122,Airstal Sp. z o.o,1
10-1649,Airstal Sp. z o.o,1
10-4561,Airstal Sp. z o.o,2
10-0954,Airstal Sp. z o.o,1
10-3206,Airstal Sp. z o.o,7
10-0613,Airstal Sp. z o.o,3
10-0460,Airstal Sp. z o.o,1
10-0499,Airstal Sp. z o.o,1
10-0581,Airstal Sp. z o.o,2
10-1728,Airstal Sp. z o.o,2
10-4428,Airstal Sp. z o.o,2
10-1764,Airstal Sp. z o.o,15
10-0623,Airstal Sp. z o.o,13
10-4551,Airstal Sp. z o.o,2
10-0174,Airstal Sp. z o.o,1
10-1116,Airstal Sp. z o.o,23
10-3191,Airstal Sp. z o.o,1
10-1951,Airstal Sp. z o.o,2
10-3160,Airstal Sp. z o.o,8
10-1207,Airstal Sp. z o.o,1
10-3739,Airstal Sp. z o.o,3
10-2248,Airstal Sp. z o.o,6
10-0950,Airstal Sp. z o.o,2
10-4549,Airstal Sp. z o.o,2
10-1675,Airstal Sp. z o.o,1
10-4256,Airstal Sp. z o.o,2
10-5583,Airstal Sp. z o.o,1
10-3794,Airstal Sp. z o.o,5
10-2561,Airstal Sp. z o.o,1
10-6251,Airstal Sp. z o.o,1
10-4240,Airstal Sp. z o.o,1
10-5673,Airstal Sp. z o.o,3
10-6077,Airstal Sp. z o.o,2
10-0793,Airstal Sp. z o.o,1
10-0653,Airstal Sp. z o.o,3
10-1852,Airstal Sp. z o.o,3
10-3211,Airstal Sp. z o.o,1
10-1022,Airstal Sp. z o.o,3
10-1208,Airstal Sp. z o.o,2
10-0050,Airstal Sp. z o.o,7
10-6067,Airstal Sp. z o.o,2
10-0385,Airstal Sp. z o.o,3
10-1974,Airstal Sp. z o.o,1
10-5905,Airstal Sp. z o.o,2
10-5634,Airstal Sp. z o.o,2
10-5211,Airstal Sp. z o.o,3
10-3963,Airstal Sp. z o.o,2
10-2757,Airstal Sp. z o.o,2
10-0405,Airstal Sp. z o.o,7
10-6204,Airstal Sp. z o.o,9
10-3554,Airstal Sp. z o.o,2
10-6135,Airstal Sp. z o.o,1
10-0433,Airstal Sp. z o.o,3
10-3311,Airstal Sp. z o.o,3
10-0542,Airstal Sp. z o.o,5
10-0226,Airstal Sp. z o.o,2
10-1498,Airstal Sp. z o.o,2
10-1807,Airstal Sp. z o.o,2
10-1056,Airstal Sp. z o.o,4
10-0827,Airstal Sp. z o.o,49
10-6195,Airstal Sp. z o.o,1
10-0907,Airstal Sp. z o.o,2
10-2222,Airstal Sp. z o.o,2
10-3777,Airstal Sp. z o.o,2
10-5558,Airstal Sp. z o.o,1
10-6044,Airstal Sp. z o.o,2
10-0285,Airstal Sp. z o.o,3
10-2620,Airstal Sp. z o.o,5
10-0945,Airstal Sp. z o.o,2
10-4413,Airstal Sp. z o.o,2
10-3809,Airstal Sp. z o.o,2
10-0617,Airstal Sp. z o.o,2
10-0212,Airstal Sp. z o.o,1
10-0416,Airstal Sp. z o.o,2
10-4237,Airstal Sp. z o.o,5
10-0412,Airstal Sp. z o.o,2
10-2269,Airstal Sp. z o.o,3
10-0670,Airstal Sp. z o.o,2
10-0687,Airstal Sp. z o.o,2
10-5737,Airstal Sp. z o.o,1
10-4716,Airstal Sp. z o.o,1
10-2109,Airstal Sp. z o.o,1
10-6338,Airstal Sp. z o.o,1
10-1463,Airstal Sp. z o.o,2
10-3212,Airstal Sp. z o.o,1
10-1959,Airstal Sp. z o.o,1
10-0662,Airstal Sp. z o.o,2
10-0677,Airstal Sp. z o.o,2
10-4492,Airstal Sp. z o.o,1
10-5258,Airstal Sp. z o.o,1
10-3657,Airstal Sp. z o.o,1
10-4414,Airstal Sp. z o.o,53
10-3537,Airstal Sp. z o.o,5
10-3738,Airstal Sp. z o.o,12
10-0454,Airstal Sp. z o.o,4
10-6068,Airstal Sp. z o.o,1
10-0999,Airstal Sp. z o.o,7
10-1041,Airstal Sp. z o.o,3
10-4257,Airstal Sp. z o.o,2
10-1558,Airstal Sp. z o.o,2
10-1650,Airstal Sp. z o.o,1
10-2570,Airstal Sp. z o.o,1
10-1392,Airstal Sp. z o.o,1
10-2581,Airstal Sp. z o.o,1
10-0036,Airstal Sp. z o.o,30
10-1088,Airstal Sp. z o.o,9
10-0420,Airstal Sp. z o.o,1
10-6292,Airstal Sp. z o.o,1
10-1062,Airstal Sp. z o.o,7
10-0928,Airstal Sp. z o.o,13
10-0122,Airstal Sp. z o.o,4
10-0568,Airstal Sp. z o.o,1
10-2098,Airstal Sp. z o.o,4
10-0994,Airstal Sp. z o.o,11
10-5728,Airstal Sp. z o.o,1
10-3820,Airstal Sp. z o.o,11
10-0759,Airstal Sp. z o.o,1
10-0364,Airstal Sp. z o.o,3
10-0528,Airstal Sp. z o.o,2
10-0551,Airstal Sp. z o.o,18
10-0856,Airstal Sp. z o.o,3
10-4143,Airstal Sp. z o.o,29
10-1241,Airstal Sp. z o.o,1
10-4585,Airstal Sp. z o.o,1
10-0955,Airstal Sp. z o.o,10
10-1461,Airstal Sp. z o.o,4
10-3499,Airstal Sp. z o.o,1
10-0771,Airstal Sp. z o.o,9
10-0716,Airstal Sp. z o.o,3
10-1474,Airstal Sp. z o.o,1
10-1117,Airstal Sp. z o.o,5
10-0099,Airstal Sp. z o.o,7
10-1870,Airstal Sp. z o.o,4
10-6272,Airstal Sp. z o.o,2
10-2031,Airstal Sp. z o.o,3
10-3767,Airstal Sp. z o.o,1
10-4271,Airstal Sp. z o.o,15
10-1547,Airstal Sp. z o.o,1
10-5622U,Airstal Sp. z o.o,5
10-0329,Airstal Sp. z o.o,20
10-6244,Airstal Sp. z o.o,3
10-4304,Airstal Sp. z o.o,1
10-1454,Airstal Sp. z o.o,13
10-1064,Airstal Sp. z o.o,7
10-5588,Airstal Sp. z o.o,1
10-4519,Airstal Sp. z o.o,2
10-0732,Airstal Sp. z o.o,15
10-1377,Airstal Sp. z o.o,2
10-0635,Airstal Sp. z o.o,3
10-4426,Airstal Sp. z o.o,8
10-6270,Airstal Sp. z o.o,2
10-0495U,Airstal Sp. z o.o,1
10-0183,Airstal Sp. z o.o,3
10-4224,Airstal Sp. z o.o,2
10-2045,Airstal Sp. z o.o,5
10-4100,Airstal Sp. z o.o,1
10-0961,Airstal Sp. z o.o,3
10-0774,Airstal Sp. z o.o,10
10-0691,Airstal Sp. z o.o,10
10-6176U,Airstal Sp. z o.o,4
10-6286,Airstal Sp. z o.o,2
10-5741,Airstal Sp. z o.o,1
10-0290,Airstal Sp. z o.o,4
10-6363,Airstal Sp. z o.o,1
10-3153,Airstal Sp. z o.o,1
10-0214,Airstal Sp. z o.o,4
10-0544,Airstal Sp. z o.o,5
10-3642,Airstal Sp. z o.o,6
10-6336,Airstal Sp. z o.o,1
10-0478,Airstal Sp. z o.o,2
10-5540,Airstal Sp. z o.o,1
10-5824,Airstal Sp. z o.o,2
10-1831,Airstal Sp. z o.o,5
10-2072,Airstal Sp. z o.o,1
10-1434,Airstal Sp. z o.o,11
10-0409,Airstal Sp. z o.o,1
10-6037,Airstal Sp. z o.o,1
10-0634,Airstal Sp. z o.o,5
10-6366,Airstal Sp. z o.o,3
10-3294,Airstal Sp. z o.o,3
10-6375,Airstal Sp. z o.o,1
10-1302,Airstal Sp. z o.o,1
10-1517,Airstal Sp. z o.o,8
10-4600,Airstal Sp. z o.o,1
10-4528,Airstal Sp. z o.o,1
10-5894,Airstal Sp. z o.o,1
10-4631,Airstal Sp. z o.o,1
10-6071,Airstal Sp. z o.o,1
10-6245,Airstal Sp. z o.o,1
10-6250,Airstal Sp. z o.o,1
10-1391,Airstal Sp. z o.o,7
10-5517,Airstal Sp. z o.o,1
10-2796,Airstal Sp. z o.o,1
10-2930,Airstal Sp. z o.o,1
10-1605U,Airstal Sp. z o.o,6
10-0711,Airstal Sp. z o.o,3
10-2182,Airstal Sp. z o.o,1
10-0278,Airstal Sp. z o.o,1
10-1019,Airstal Sp. z o.o,11
10-3629,Airstal Sp. z o.o,4
10-3759,Airstal Sp. z o.o,7
10-1260,Airstal Sp. z o.o,1
10-5649U,Airstal Sp. z o.o,1
10-3809U,Airstal Sp. z o.o,1
10-6335U,Airstal Sp. z o.o,2
10-1811,Airstal Sp. z o.o,1
10-4487,Airstal Sp. z o.o,3
10-5639,Airstal Sp. z o.o,1
10-5524,Airstal Sp. z o.o,1
10-6359,Airstal Sp. z o.o,1
10-6179,Airstal Sp. z o.o,1
10-0027,Airstal Sp. z o.o,4
10-3555,Airstal Sp. z o.o,2
10-0942,Airstal Sp. z o.o,1
10-4644,Airstal Sp. z o.o,1
10-3196,Airstal Sp. z o.o,4
10-6230,Airstal Sp. z o.o,4
10-2786,Airstal Sp. z o.o,2
10-5741U,Airstal Sp. z o.o,1
10-0003,Airstal Sp. z o.o,2
10-4225,Airstal Sp. z o.o,1
10-1657,Airstal Sp. z o.o,4
10-2106,Airstal Sp. z o.o,1
10-0684,Airstal Sp. z o.o,1
10-4262,Airstal Sp. z o.o,2
10-1197,Airstal Sp. z o.o,7
10-2166,Airstal Sp. z o.o,1
10-0747,Airstal Sp. z o.o,1
10-0996,Airstal Sp. z o.o,1
10-1244,Airstal Sp. z o.o,2
10-1747,Airstal Sp. z o.o,1
10-1762,Airstal Sp. z o.o,2
10-0727,Airstal Sp. z o.o,2
10-6207,Airstal Sp. z o.o,11
10-2105,Airstal Sp. z o.o,1
10-0748,Airstal Sp. z o.o,2
10-0812,Airstal Sp. z o.o,2
10-0835,Airstal Sp. z o.o,6
10-1458,Airstal Sp. z o.o,1
10-4575,Airstal Sp. z o.o,3
10-1666,Airstal Sp. z o.o,3
10-0604,Airstal Sp. z o.o,1
10-1977,Airstal Sp. z o.o,1
10-2472,Airstal Sp. z o.o,8
10-1595,Airstal Sp. z o.o,2
10-6372,Airstal Sp. z o.o,4
10-1794,Airstal Sp. z o.o,3
10-4601,Airstal Sp. z o.o,1
10-2325,Airstal Sp. z o.o,2
10-1811U,Airstal Sp. z o.o,3
10-4189,Airstal Sp. z o.o,2
10-3675,Airstal Sp. z o.o,1
10-1499,Airstal Sp. z o.o,3
10-1195,Airstal Sp. z o.o,3
10-3546,Airstal Sp. z o.o,1
10-0570,Airstal Sp. z o.o,2
10-2008,Airstal Sp. z o.o,1
10-1543,Airstal Sp. z o.o,2
10-1742,Airstal Sp. z o.o,3
10-2048,Airstal Sp. z o.o,1
10-1966,Airstal Sp. z o.o,2
10-0616,Airstal Sp. z o.o,5
10-0235,Airstal Sp. z o.o,6
10-6143,Airstal Sp. z o.o,1
10-3925,Airstal Sp. z o.o,1
10-3926,Airstal Sp. z o.o,1
10-5954,Airstal Sp. z o.o,1
10-6247,Airstal Sp. z o.o,1
10-2735,Airstal Sp. z o.o,2
10-2758,Airstal Sp. z o.o,1
10-3384,Airstal Sp. z o.o,3
10-3255,Airstal Sp. z o.o,1
10-0652,Airstal Sp. z o.o,3
10-2344,Airstal Sp. z o.o,1
10-0221,Airstal Sp. z o.o,1
10-1846,Airstal Sp. z o.o,3
10-1540,Airstal Sp. z o.o,2
10-3243,Airstal Sp. z o.o,1
10-2776,Airstal Sp. z o.o,2
10-4731,Airstal Sp. z o.o,2
10-2782,Airstal Sp. z o.o,3
10-5876,Airstal Sp. z o.o,2
10-5888,Airstal Sp. z o.o,1
10-1545,Airstal Sp. z o.o,1
10-0904,Airstal Sp. z o.o,1
10-3567,Airstal Sp. z o.o,1
10-2193,Airstal Sp. z o.o,3
10-1070,Airstal Sp. z o.o,18
10-2338,Airstal Sp. z o.o,2
10-0664,Airstal Sp. z o.o,12
10-4433,Airstal Sp. z o.o,39
10-2755,Airstal Sp. z o.o,2
10-4181,Airstal Sp. z o.o,1
10-5658,Airstal Sp. z o.o,1
10-2175,Airstal Sp. z o.o,3
10-3453,Airstal Sp. z o.o,1
10-1570,Airstal Sp. z o.o,4
10-1706,Airstal Sp. z o.o,1
10-2713,Airstal Sp. z o.o,1
10-1091,Airstal Sp. z o.o,1
10-5858,Airstal Sp. z o.o,1
10-0508,Airstal Sp. z o.o,4
10-0401,Airstal Sp. z o.o,31
10-2138,Airstal Sp. z o.o,1
10-0840,Airstal Sp. z o.o,41
10-4439,Airstal Sp. z o.o,1
10-6290,Airstal Sp. z o.o,4
10-0064,Airstal Sp. z o.o,2
10-3676,Airstal Sp. z o.o,2
10-0854U,Airstal Sp. z o.o,1
10-1365U,Airstal Sp. z o.o,2
10-1802,Airstal Sp. z o.o,2
10-4287,Airstal Sp. z o.o,5
10-5849,Airstal Sp. z o.o,1
10-6327,Airstal Sp. z o.o,4
10-6374,Airstal Sp. z o.o,1
10-5324,Airstal Sp. z o.o,1
10-3871,Airstal Sp. z o.o,5
10-4386,Airstal Sp. z o.o,1
10-3587,Airstal Sp. z o.o,3
10-4177,Airstal Sp. z o.o,2
10-6376,Airstal Sp. z o.o,1
10-2564,Airstal Sp. z o.o,1
10-0964,Airstal Sp. z o.o,2
10-3282,Airstal Sp. z o.o,1
10-0125,Airstal Sp. z o.o,1
10-3296,Airstal Sp. z o.o,2
10-1821,Airstal Sp. z o.o,2
10-4006,Airstal Sp. z o.o,1
10-6185,Airstal Sp. z o.o,1
10-0874,Airstal Sp. z o.o,9
10-4107,Airstal Sp. z o.o,5
10-1514,Airstal Sp. z o.o,1
10-1447,Airstal Sp. z o.o,1
10-5831U,Airstal Sp. z o.o,1
10-0396,Airstal Sp. z o.o,5
10-2737,Airstal Sp. z o.o,1
10-0022,Airstal Sp. z o.o,1
10-2675,Airstal Sp. z o.o,1
10-0111U,Airstal Sp. z o.o,1
10-4093,Airstal Sp. z o.o,1
10-3274,Airstal Sp. z o.o,4
10-1046,Airstal Sp. z o.o,8
10-6362,Airstal Sp. z o.o,1
10-4228,Airstal Sp. z o.o,7
10-1521,Airstal Sp. z o.o,3
10-5988U,Airstal Sp. z o.o,2
10-0014,Airstal Sp. z o.o,3
10-0236,Airstal Sp. z o.o,1
10-3179,Airstal Sp. z o.o,1
10-0921,Airstal Sp. z o.o,1
10-1871,Airstal Sp. z o.o,5
10-2279,Airstal Sp. z o.o,2
10-0356U,Airstal Sp. z o.o,2
10-1165,Airstal Sp. z o.o,1
10-6367,Airstal Sp. z o.o,1
10-1869,Airstal Sp. z o.o,1
10-0667,Airstal Sp. z o.o,6
10-2242,Airstal Sp. z o.o,8
10-3817,Airstal Sp. z o.o,1
10-0153,Airstal Sp. z o.o,25
10-1779,Airstal Sp. z o.o,2
10-2577,Airstal Sp. z o.o,1
10-6383,Airstal Sp. z o.o,1
10-6364,Airstal Sp. z o.o,2
10-1746,Airstal Sp. z o.o,15
10-5503,Airstal Sp. z o.o,1
10-6388,Airstal Sp. z o.o,2
10-6199,Airstal Sp. z o.o,4
10-0180,Airstal Sp. z o.o,20
10-6385,Airstal Sp. z o.o,1
10-6389,Airstal Sp. z o.o,3
10-2038,Airstal Sp. z o.o,2
10-4152,Airstal Sp. z o.o,4
10-6381,Airstal Sp. z o.o,11
10-5584,Airstal Sp. z o.o,1
10-0181,Airstal Sp. z o.o,15
10-1525,Airstal Sp. z o.o,1
10-6386,Airstal Sp. z o.o,3
10-6387,Airstal Sp. z o.o,2
10-4374,Airstal Sp. z o.o,1
10-2328,Airstal Sp. z o.o,1
10-3731,Airstal Sp. z o.o,1
10-5863,Airstal Sp. z o.o,1
10-1760,Airstal Sp. z o.o,2
10-4415U,Airstal Sp. z o.o,3
10-2333,Airstal Sp. z o.o,1
10-1707,Airstal Sp. z o.o,2
10-2483,Airstal Sp. z o.o,3
10-5860,Airstal Sp. z o.o,5
10-4669,Airstal Sp. z o.o,1
10-4115,Airstal Sp. z o.o,1
10-1071,Airstal Sp. z o.o,2
10-2343,Airstal Sp. z o.o,1
10-3527,Airstal Sp. z o.o,3
10-0545,Airstal Sp. z o.o,1
10-5906,Airstal Sp. z o.o,1
10-6399,Airstal Sp. z o.o,1
10-2560U,Airstal Sp. z o.o,5
10-1717U,Airstal Sp. z o.o,3
10-5843,Airstal Sp. z o.o,1
10-3477U,Airstal Sp. z o.o,1
10-4179,Airstal Sp. z o.o,3
10-1130,Airstal Sp. z o.o,1
10-1008,Airstal Sp. z o.o,4
10-0190,Airstal Sp. z o.o,2
10-0223,Airstal Sp. z o.o,3
10-0136,Airstal Sp. z o.o,1
10-6400,Airstal Sp. z o.o,1
10-1829,Airstal Sp. z o.o,1
10-1851,Airstal Sp. z o.o,1
10-6401,Airstal Sp. z o.o,1
10-5893,Airstal Sp. z o.o,2
10-4721,Airstal Sp. z o.o,1
10-0589,Airstal Sp. z o.o,1
10-2339,Airstal Sp. z o.o,2
10-0387,Airstal Sp. z o.o,2
10-0548,Airstal Sp. z o.o,2
10-3855,Airstal Sp. z o.o,1
10-4186,Airstal Sp. z o.o,1
10-6398,Airstal Sp. z o.o,1
10-0531,Airstal Sp. z o.o,1
10-1864,Airstal Sp. z o.o,1
10-4626,Airstal Sp. z o.o,3
10-3826,Airstal Sp. z o.o,1
10-1518,Airstal Sp. z o.o,1
10-3401,Airstal Sp. z o.o,7
10-4902,Airstal Sp. z o.o,1
10-4398,Airstal Sp. z o.o,2
10-1766,Airstal Sp. z o.o,2
10-1011,Airstal Sp. z o.o,3
10-4452,Airstal Sp. z o.o,1
10-4639,Airstal Sp. z o.o,1
10-2091,Airstal Sp. z o.o,2
10-0674,Airstal Sp. z o.o,2
10-1033,Airstal Sp. z o.o,2
10-1059,Airstal Sp. z o.o,2
10-0493,Airstal Sp. z o.o,2
10-4690,Airstal Sp. z o.o,1
10-0473,Airstal Sp. z o.o,4
10-0895,Airstal Sp. z o.o,1
10-3760,Airstal Sp. z o.o,2
10-6012,Airstal Sp. z o.o,10
10-4589,Airstal Sp. z o.o,1
10-0919,Airstal Sp. z o.o,1
10-5426,Airstal Sp. z o.o,1
10-1854,Airstal Sp. z o.o,2
10-6220,Airstal Sp. z o.o,3
10-6378,Airstal Sp. z o.o,1
10-3405,Airstal Sp. z o.o,9
10-6390,Airstal Sp. z o.o,1
10-3750,Airstal Sp. z o.o,1
10-0767,Airstal Sp. z o.o,2
10-1400,Airstal Sp. z o.o,2
10-3381,Airstal Sp. z o.o,3
10-0646,Airstal Sp. z o.o,1
10-0427,Airstal Sp. z o.o,1
10-1481,Airstal Sp. z o.o,1
10-4703,Airstal Sp. z o.o,1
10-4417,Airstal Sp. z o.o,2
10-0170,Airstal Sp. z o.o,1
10-5839,Airstal Sp. z o.o,2
10-2497,Airstal Sp. z o.o,1
10-1528,Airstal Sp. z o.o,1
10-4277,Airstal Sp. z o.o,1
10-4376,Airstal Sp. z o.o,2
10-1590U,Airstal Sp. z o.o,2
10-0261,Airstal Sp. z o.o,10
10-4157,Airstal Sp. z o.o,5
10-0231,Airstal Sp. z o.o,1
10-4203,Airstal Sp. z o.o,1
10-0210U,Airstal Sp. z o.o,2
10-0859U,Airstal Sp. z o.o,1
10-2181U,Airstal Sp. z o.o,3
10-0543,Airstal Sp. z o.o,1
10-3417,Airstal Sp. z o.o,2
10-6248,Airstal Sp. z o.o,1
10-0731,Airstal Sp. z o.o,2
10-6246,Airstal Sp. z o.o,1
10-0509X,Airstal Sp. z o.o,1
10-0893,Airstal Sp. z o.o,1
10-5210,Airstal Sp. z o.o,2
10-0796,Airstal Sp. z o.o,3
10-6343,Airstal Sp. z o.o,1
10-0133,Airstal Sp. z o.o,6
10-1670,Airstal Sp. z o.o,1
10-0155,Airstal Sp. z o.o,1
10-1049,Airstal Sp. z o.o,1
10-0373,Airstal Sp. z o.o,1
10-0696,Airstal Sp. z o.o,1
10-1533,Airstal Sp. z o.o,1
10-5494,Airstal Sp. z o.o,5
10-1395,Airstal Sp. z o.o,1
10-6116,Airstal Sp. z o.o,6
10-1719,Airstal Sp. z o.o,2
10-0055,Airstal Sp. z o.o,1
10-3579,Airstal Sp. z o.o,1
10-1418,Airstal Sp. z o.o,2
10-1106,Airstal Sp. z o.o,1
10-5883,Airstal Sp. z o.o,7
10-2557,Airstal Sp. z o.o,4
10-4722,Airstal Sp. z o.o,1
10-0843,Airstal Sp. z o.o,1
10-0920,Airstal Sp. z o.o,2
10-6296,Airstal Sp. z o.o,1
10-4604,Airstal Sp. z o.o,2
10-0458,Airstal Sp. z o.o,4
10-4404,Airstal Sp. z o.o,1
10-4641,Airstal Sp. z o.o,7
10-1079,Airstal Sp. z o.o,1
10-4524,Airstal Sp. z o.o,3
10-1007,Airstal Sp. z o.o,1
10-0610,Airstal Sp. z o.o,1
10-0615,Airstal Sp. z o.o,5
10-1815,Airstal Sp. z o.o,1
10-6168,Airstal Sp. z o.o,2
10-3729,Airstal Sp. z o.o,9
10-0973,Airstal Sp. z o.o,1
10-3491,Airstal Sp. z o.o,1
10-0319,Airstal Sp. z o.o,2
10-4530,Airstal Sp. z o.o,1
10-4635,Airstal Sp. z o.o,2
10-0844,Airstal Sp. z o.o,4
10-2238,Airstal Sp. z o.o,1
10-4264,Airstal Sp. z o.o,2
10-3953,Airstal Sp. z o.o,7
10-0608,Airstal Sp. z o.o,6
10-4110,Airstal Sp. z o.o,5
10-6354,Airstal Sp. z o.o,6
10-4654,Airstal Sp. z o.o,1
10-6330,Airstal Sp. z o.o,4
10-6252,Airstal Sp. z o.o,2
10-4682,Airstal Sp. z o.o,1
10-0351,Airstal Sp. z o.o,2
10-1720,Airstal Sp. z o.o,1
10-4569,Airstal Sp. z o.o,3
10-3812,Airstal Sp. z o.o,1
10-0618,Airstal Sp. z o.o,2
10-1466,Airstal Sp. z o.o,4
10-0719,Airstal Sp. z o.o,1
10-3827,Airstal Sp. z o.o,1
10-6180,Airstal Sp. z o.o,1
10-1462,Airstal Sp. z o.o,2
10-3481,Airstal Sp. z o.o,3
10-0888,Airstal Sp. z o.o,3
10-4223,Airstal Sp. z o.o,1
10-4636,Airstal Sp. z o.o,1
10-4150,Airstal Sp. z o.o,3
10-4198,Airstal Sp. z o.o,2
10-0304U,Airstal Sp. z o.o,1
10-0975,Airstal Sp. z o.o,3
10-5497,Airstal Sp. z o.o,1
10-3409,Airstal Sp. z o.o,2
10-0413,Airstal Sp. z o.o,3
10-3181,Airstal Sp. z o.o,3
10-0398,Airstal Sp. z o.o,2
10-4729,Airstal Sp. z o.o,1
10-0939,Airstal Sp. z o.o,2
10-1600,Airstal Sp. z o.o,10
10-2489,Airstal Sp. z o.o,1
10-0243,Airstal Sp. z o.o,3
10-0085,Airstal Sp. z o.o,2
10-1066,Airstal Sp. z o.o,3
10-0941,Airstal Sp. z o.o,2
10-1104,Airstal Sp. z o.o,5
10-2034,Airstal Sp. z o.o,1
10-3773,Airstal Sp. z o.o,8
10-4643,Airstal Sp. z o.o,3
10-3905,Airstal Sp. z o.o,7
10-0450,Airstal Sp. z o.o,1
10-0753,Airstal Sp. z o.o,1
10-1958,Airstal Sp. z o.o,4
10-1410,Airstal Sp. z o.o,1
10-1857,Airstal Sp. z o.o,2
10-4242,Airstal Sp. z o.o,2
10-1042,Airstal Sp. z o.o,1
10-6194,Airstal Sp. z o.o,1
10-5541,Airstal Sp. z o.o,1
10-0703,Airstal Sp. z o.o,2
10-4462,Airstal Sp. z o.o,5
10-1076,Airstal Sp. z o.o,1
10-1405,Airstal Sp. z o.o,1
10-0182,Airstal Sp. z o.o,2
10-1844,Airstal Sp. z o.o,2
10-0196,Airstal Sp. z o.o,1
10-6214,Airstal Sp. z o.o,1
10-4542,Airstal Sp. z o.o,5
10-1839,Airstal Sp. z o.o,1
10-2041,Airstal Sp. z o.o,1
10-4417U,Airstal Sp. z o.o,1
10-0753U,Airstal Sp. z o.o,2
10-6384U,Airstal Sp. z o.o,1
10-4621,Airstal Sp. z o.o,1
10-1554,Airstal Sp. z o.o,2
10-0772,Airstal Sp. z o.o,11
10-5701,Airstal Sp. z o.o,1
10-0410,Airstal Sp. z o.o,1
10-6160,Airstal Sp. z o.o,1
10-0296,Airstal Sp. z o.o,1
10-4083,Airstal Sp. z o.o,1
10-1615,Airstal Sp. z o.o,1
10-3770,Airstal Sp. z o.o,1
10-4457,Airstal Sp. z o.o,4
10-2864,Airstal Sp. z o.o,5
10-3280,Airstal Sp. z o.o,2
10-1016,Airstal Sp. z o.o,1
10-1526,Airstal Sp. z o.o,2
10-0184,Airstal Sp. z o.o,1
10-3108,Airstal Sp. z o.o,1
10-1190,Airstal Sp. z o.o,6
10-0993,Airstal Sp. z o.o,1
10-4159,Airstal Sp. z o.o,1
10-0866,Airstal Sp. z o.o,2
10-4460,Airstal Sp. z o.o,2
10-4116,Airstal Sp. z o.o,2
10-2718,Airstal Sp. z o.o,4
10-0741,Airstal Sp. z o.o,1
10-4595,Airstal Sp. z o.o,1
10-3293,Airstal Sp. z o.o,1
10-2465,Airstal Sp. z o.o,1
10-3912,Airstal Sp. z o.o,1
10-4222,Airstal Sp. z o.o,3
10-0006,Airstal Sp. z o.o,1
10-4205,Airstal Sp. z o.o,1
10-3323,Airstal Sp. z o.o,1
10-0967,Airstal Sp. z o.o,2
10-3577,Airstal Sp. z o.o,1
10-2271,Airstal Sp. z o.o,2
10-6328,Airstal Sp. z o.o,2
10-5495U,Airstal Sp. z o.o,1
10-0479U,Airstal Sp. z o.o,1
10-4231U,Airstal Sp. z o.o,1
10-2093U,Airstal Sp. z o.o,1
10-6391U,Airstal Sp. z o.o,1
10-6210,Airstal Sp. z o.o,1
10-0051,Airstal Sp. z o.o,1
10-4661,Airstal Sp. z o.o,1
10-0208,Airstal Sp. z o.o,1
10-3651,Airstal Sp. z o.o,1
10-0491,Airstal Sp. z o.o,1
10-1051U,Airstal Sp. z o.o,1
10-3368,Airstal Sp. z o.o,1
